Calc YR Salary,Yearly PERS Contributions,Age
"$131,820.43 ","$40,836.16 ",36
"$70,699.09 ","$21,899.79 ",18
"$119,490.28 ","$37,012.20 ",26
"$126,717.01 ","$39,203.57 ",38
"$125,525.01 ","$38,790.15 ",61
"$111,868.69 ","$34,530.27 ",68
"$118,526.67 ","$36,585.05 ",61
"$84,493.42 ","$26,065.15 ",20
"$114,443.78 ","$35,303.86 ",40
"$85,662.36 ","$26,415.12 ",36
"$138,231.87 ","$42,624.06 ",21
"$130,943.83 ","$40,357.99 ",68
"$122,677.40 ","$37,794.30 ",24
"$126,609.37 ","$38,970.85 ",44
"$106,616.30 ","$32,779.89 ",45
"$103,430.69 ","$31,779.47 ",45
"$83,823.38 ","$25,717.89 ",55
"$111,566.19 ","$34,211.54 ",67
"$96,633.57 ","$29,576.55 ",43
"$126,523.97 ","$38,722.88 ",27
"$116,180.89 ","$35,555.44 ",35
"$117,290.88 ","$35,893.20 ",23
"$137,052.02 ","$41,939.30 ",18
"$84,117.63 ","$25,708.20 ",42
"$125,730.81 ","$38,414.15 ",31
"$112,275.20 ","$34,236.14 ",62
"$120,016.87 ","$36,584.88 ",60
"$127,851.05 ","$38,970.82 ",20
"$130,337.70 ","$39,684.02 ",27
"$133,090.12 ","$40,463.11 ",64
"$129,644.68 ","$39,381.46 ",51
"$64,267.15 ","$19,515.01 ",66
"$119,770.91 ","$36,359.92 ",49
"$126,927.19 ","$38,476.10 ",29
"$117,277.35 ","$35,549.32 ",66
"$133,968.51 ","$40,585.37 ",59
"$81,747.18 ","$24,760.48 ",64
"$97,672.07 ","$29,567.22 ",36
"$142,190.04 ","$43,032.59 ",64
"$131,958.04 ","$39,927.26 ",29
"$110,473.64 ","$33,425.34 ",22
"$92,013.55 ","$27,828.92 ",23
"$125,904.96 ","$38,064.50 ",46
"$140,311.80 ","$42,393.43 ",51
"$130,463.42 ","$39,413.87 ",19
"$86,156.75 ","$26,026.01 ",24
"$92,462.69 ","$27,902.53 ",58
"$90,993.94 ","$27,453.69 ",49
"$111,979.70 ","$33,766.22 ",54
"$129,020.91 ","$38,898.94 ",36
"$72,623.69 ","$21,884.09 ",23
"$127,639.88 ","$38,454.19 ",43
"$127,876.48 ","$38,517.65 ",60
"$133,744.71 ","$40,205.50 ",58
"$122,685.22 ","$36,878.92 ",54
"$130,715.56 ","$39,292.21 ",32
"$129,139.19 ","$38,816.02 ",53
"$90,904.69 ","$27,320.86 ",44
"$91,937.46 ","$27,613.61 ",54
"$104,194.86 ","$31,286.43 ",52
"$127,369.02 ","$38,243.34 ",29
"$120,480.89 ","$36,172.15 ",30
"$141,663.37 ","$42,526.54 ",38
"$131,974.47 ","$39,594.01 ",63
"$141,744.42 ","$42,465.88 ",41
"$126,298.85 ","$37,832.44 ",48
"$123,765.45 ","$37,073.14 ",49
"$84,910.75 ","$25,423.75 ",23
"$109,725.19 ","$32,850.68 ",29
"$143,045.70 ","$42,791.66 ",20
"$77,608.89 ","$23,189.98 ",19
"$144,039.29 ","$43,032.60 ",28
"$128,032.01 ","$38,243.53 ",24
"$119,838.08 ","$35,781.08 ",68
"$142,969.58 ","$42,679.29 ",50
"$130,393.70 ","$38,872.12 ",32
"$73,479.24 ","$21,899.79 ",30
"$143,772.38 ","$42,844.14 ",30
"$73,526.94 ","$21,899.75 ",53
"$119,258.00 ","$35,485.28 ",49
"$141,138.19 ","$41,992.06 ",26
"$98,123.07 ","$29,178.56 ",45
"$83,750.72 ","$24,893.26 ",66
"$118,044.18 ","$35,082.37 ",22
"$100,461.12 ","$29,854.71 ",33
"$108,317.79 ","$32,169.07 ",39
"$93,651.31 ","$27,803.62 ",31
"$70,830.09 ","$21,026.31 ",27
"$127,338.29 ","$37,794.38 ",19
"$138,545.85 ","$41,105.55 ",55
"$108,760.71 ","$32,265.81 ",63
"$146,804.88 ","$43,544.88 ",66
"$108,602.10 ","$32,198.47 ",55
"$139,819.04 ","$41,445.18 ",22
"$134,447.77 ","$39,842.32 ",21
"$123,290.01 ","$36,526.58 ",29
"$124,297.17 ","$36,798.89 ",48
"$107,695.24 ","$31,876.40 ",39
"$75,210.94 ","$22,247.97 ",41
"$126,468.47 ","$37,409.44 ",48
"$100,585.94 ","$29,734.64 ",24
"$74,135.74 ","$21,899.78 ",35
"$113,851.42 ","$33,592.87 ",65
"$116,795.92 ","$34,438.51 ",22
"$129,353.34 ","$38,115.28 ",45
"$95,623.78 ","$28,167.21 ",49
"$144,645.78 ","$42,605.53 ",64
"$138,370.53 ","$40,731.24 ",58
"$78,814.72 ","$23,190.03 ",35
"$67,129.90 ","$19,744.96 ",47
"$123,018.46 ","$36,157.11 ",32
"$65,926.36 ","$19,375.09 ",61
"$104,639.69 ","$30,750.88 ",31
"$144,264.51 ","$42,373.32 ",66
"$131,243.83 ","$38,517.64 ",61
"$125,601.14 ","$36,792.49 ",34
"$110,773.54 ","$32,405.75 ",59
"$147,199.17 ","$43,032.60 ",51
"$137,728.44 ","$40,245.86 ",67
"$141,237.61 ","$41,266.32 ",50
"$146,477.87 ","$42,788.04 ",29
"$78,676.62 ","$22,977.90 ",23
"$146,833.87 ","$42,876.31 ",45
"$131,527.64 ","$38,404.98 ",18
"$91,728.61 ","$26,759.63 ",52
"$44,815.24 ","$13,070.78 ",51
"$127,122.56 ","$37,058.39 ",20
"$124,187.62 ","$36,180.52 ",51
"$107,471.19 ","$31,286.36 ",47
"$90,954.78 ","$26,452.09 ",68
"$127,091.56 ","$36,961.15 ",31
"$87,509.02 ","$25,423.74 ",66
"$95,790.36 ","$27,827.64 ",57
"$142,794.83 ","$41,472.10 ",45
"$137,274.70 ","$39,868.07 ",67
"$135,952.18 ","$39,429.16 ",30
"$119,560.52 ","$34,670.15 ",26
"$145,833.18 ","$42,286.38 ",41
"$144,054.74 ","$41,691.86 ",55
"$96,602.67 ","$27,953.88 ",23
"$124,143.12 ","$35,907.36 ",48
"$147,703.80 ","$42,591.57 ",28
"$99,366.71 ","$28,646.88 ",54
"$100,088.14 ","$28,836.55 ",60
"$122,440.44 ","$35,248.98 ",51
"$105,310.23 ","$30,304.78 ",23
"$56,454.05 ","$16,233.97 ",22
"$140,527.70 ","$40,407.17 ",46
"$139,168.61 ","$39,967.70 ",27
"$51,362.59 ","$14,748.76 ",51
"$57,176.11 ","$16,411.25 ",20
"$95,315.66 ","$27,343.47 ",31
"$150,050.10 ","$43,032.58 ",42
"$80,349.70 ","$23,038.05 ",64
"$146,372.19 ","$41,967.59 ",61
"$150,780.60 ","$43,197.48 ",22
"$86,471.17 ","$24,747.70 ",63
"$97,747.69 ","$27,971.36 ",35
"$128,992.25 ","$36,878.94 ",43
"$57,065.83 ","$16,309.96 ",55
"$77,948.64 ","$22,247.97 ",47
"$151,191.02 ","$43,076.48 ",63
"$135,143.20 ","$38,483.02 ",38
"$124,680.51 ","$35,442.39 ",60
"$154,594.19 ","$43,929.11 ",51
"$141,037.81 ","$40,059.69 ",40
"$151,582.30 ","$43,032.56 ",22
"$131,237.76 ","$37,225.83 ",49
"$137,424.81 ","$38,970.84 ",22
"$151,756.71 ","$43,032.58 ",24
"$132,443.34 ","$37,481.29 ",19
"$146,056.72 ","$41,275.45 ",67
"$145,553.49 ","$41,081.60 ",18
"$155,744.40 ","$43,954.19 ",53
"$131,383.01 ","$37,058.35 ",63
"$123,988.25 ","$34,929.00 ",29
"$135,451.98 ","$38,140.34 ",59
"$137,145.80 ","$38,600.98 ",19
"$56,372.08 ","$15,859.15 ",68
"$154,862.87 ","$43,544.89 ",39
"$154,002.46 ","$43,206.04 ",38
"$87,280.87 ","$24,470.65 ",34
"$132,892.28 ","$37,218.53 ",63
"$127,098.55 ","$35,555.12 ",59
"$146,725.56 ","$41,042.42 ",53
"$153,958.78 ","$43,032.59 ",58
"$128,680.98 ","$35,958.25 ",37
"$134,033.32 ","$37,409.43 ",64
"$154,082.50 ","$42,969.01 ",36
"$153,439.84 ","$42,771.73 ",60
"$132,891.20 ","$36,961.11 ",35
"$60,618.04 ","$16,814.78 ",25
"$70,564.31 ","$19,539.20 ",25
"$129,794.84 ","$35,929.85 ",60
"$79,685.39 ","$22,054.76 ",68
"$150,299.45 ","$41,489.51 ",30
"$44,177.19 ","$12,192.28 ",52
"$139,607.22 ","$38,501.61 ",45
"$154,347.20 ","$42,548.06 ",19
"$156,565.75 ","$43,101.70 ",44
"$80,893.69 ","$22,239.32 ",62
"$131,803.81 ","$36,165.09 ",63
"$148,253.78 ","$40,678.50 ",39
"$71,132.09 ","$19,514.98 ",51
"$49,948.80 ","$13,701.85 ",43
"$154,748.64 ","$42,181.83 ",65
"$157,566.28 ","$42,901.25 ",44
"$139,858.87 ","$38,070.53 ",43
"$76,638.40 ","$20,795.10 ",68
"$140,507.16 ","$38,064.40 ",30
"$150,147.62 ","$39,967.68 ",22
"$58,788.27 ","$15,625.71 ",32
"$143,645.88 ","$38,168.01 ",41
"$50,932.40 ","$13,491.82 ",18
"$50,837.25 ","$13,449.09 ",22
"$126,753.77 ","$33,416.44 ",49
"$62,910.55 ","$16,525.66 ",26
"$62,083.55 ","$16,226.34 ",31
"$63,081.91 ","$16,485.05 ",67
"$78,150.31 ","$20,409.38 ",59
"$147,855.05 ","$38,522.86 ",33
"$147,316.04 ","$38,378.54 ",24
"$147,834.68 ","$38,481.92 ",36
"$149,177.77 ","$38,761.25 ",61
"$114,119.54 ","$29,640.55 ",66
"$78,944.48 ","$20,488.41 ",36
"$46,956.22 ","$12,150.57 ",25
"$57,914.12 ","$14,932.56 ",43
"$84,273.95 ","$21,720.45 ",64
"$71,233.57 ","$18,321.55 ",48
"$93,734.41 ","$24,071.30 ",27
"$84,182.44 ","$21,596.57 ",26
"$59,201.13 ","$15,140.18 ",49
"$61,101.08 ","$15,613.31 ",43
"$56,769.18 ","$14,504.25 ",32
"$62,509.78 ","$15,969.27 ",62
"$59,877.85 ","$15,291.62 ",63
"$82,545.55 ","$21,078.88 ",44
"$63,221.83 ","$16,130.20 ",50
"$99,754.45 ","$25,440.52 ",29
"$63,896.83 ","$16,286.17 ",62
"$58,131.67 ","$14,807.49 ",62
"$93,586.70 ","$23,834.96 ",46
"$57,852.95 ","$14,709.21 ",50
"$93,798.75 ","$23,838.41 ",23
"$75,196.89 ","$19,101.87 ",61
"$63,093.40 ","$16,019.97 ",63
"$61,007.31 ","$15,486.34 ",46
"$75,837.00 ","$19,245.55 ",57
"$67,023.47 ","$17,008.26 ",20
"$64,242.39 ","$16,298.10 ",31
"$59,609.95 ","$15,122.04 ",40
"$67,370.90 ","$17,082.95 ",42
"$70,971.59 ","$17,990.27 ",20
"$86,287.71 ","$21,871.06 ",61
"$41,786.44 ","$10,591.45 ",62
"$57,920.23 ","$14,679.67 ",58
"$49,298.28 ","$12,494.19 ",60
"$62,117.96 ","$15,741.94 ",64
"$42,059.29 ","$10,656.39 ",33
"$46,155.16 ","$11,693.59 ",36
"$49,235.82 ","$12,473.96 ",67
"$59,255.56 ","$15,010.58 ",51
"$63,377.76 ","$16,054.58 ",23
"$104,730.75 ","$26,525.81 ",26
"$55,892.30 ","$14,152.55 ",54
"$78,167.93 ","$19,781.55 ",63
"$55,017.01 ","$13,921.27 ",50
"$86,976.07 ","$22,007.96 ",68
"$116,555.48 ","$29,492.46 ",65
"$47,526.36 ","$12,025.71 ",53
"$65,262.96 ","$16,513.63 ",47
"$45,262.87 ","$11,452.94 ",57
"$64,511.46 ","$16,320.79 ",56
"$70,908.82 ","$17,939.16 ",60
"$65,854.05 ","$16,659.19 ",64
"$89,195.59 ","$22,562.91 ",54
"$67,229.40 ","$17,005.91 ",28
"$54,213.28 ","$13,713.00 ",68
"$102,961.58 ","$26,041.81 ",36
"$44,601.56 ","$11,280.46 ",60
"$90,187.67 ","$22,808.60 ",37
"$51,594.88 ","$13,047.99 ",45
"$51,630.98 ","$13,056.81 ",66
"$67,523.17 ","$17,075.68 ",33
"$61,245.37 ","$15,488.10 ",41
"$80,027.39 ","$20,237.80 ",68
"$96,821.17 ","$24,484.71 ",27
"$82,900.64 ","$20,964.40 ",32
"$98,178.96 ","$24,828.05 ",58
"$52,906.15 ","$13,379.20 ",31
"$84,502.62 ","$21,369.49 ",55
"$82,074.88 ","$20,755.52 ",44
"$85,358.20 ","$21,585.81 ",57
"$80,902.93 ","$20,459.13 ",64
"$50,386.37 ","$12,741.95 ",18
"$70,899.68 ","$17,929.45 ",30
"$78,167.53 ","$19,767.37 ",40
"$109,987.83 ","$27,814.23 ",24
"$117,687.10 ","$29,761.25 ",31
"$70,899.35 ","$17,929.35 ",59
"$98,812.37 ","$24,988.12 ",39
"$58,329.35 ","$14,750.59 ",18
"$70,899.29 ","$17,929.33 ",68
"$70,899.33 ","$17,929.34 ",48
"$78,168.67 ","$19,767.63 ",47
"$114,387.78 ","$28,926.87 ",68
"$109,987.00 ","$27,813.97 ",62
"$95,011.58 ","$24,026.91 ",55
"$76,282.51 ","$19,290.61 ",32
"$64,307.96 ","$16,262.44 ",56
"$64,307.77 ","$16,262.39 ",42
"$61,861.52 ","$15,643.77 ",56
"$106,246.24 ","$26,867.91 ",60
"$45,702.11 ","$11,557.30 ",51
"$56,923.48 ","$14,394.98 ",39
"$67,536.89 ","$17,078.93 ",30
"$45,702.15 ","$11,557.28 ",48
"$54,212.90 ","$13,708.09 ",67
"$59,360.34 ","$15,008.44 ",41
"$69,257.90 ","$17,510.13 ",63
"$46,842.49 ","$11,842.90 ",33
"$70,935.29 ","$17,933.86 ",50
"$58,960.53 ","$14,905.90 ",66
"$80,708.05 ","$20,403.65 ",44
"$64,307.62 ","$16,253.58 ",50
"$59,880.71 ","$15,133.95 ",52
"$60,370.52 ","$15,257.61 ",53
"$49,173.08 ","$12,427.64 ",39
"$66,422.74 ","$16,786.41 ",30
"$70,820.90 ","$17,896.79 ",30
"$61,337.09 ","$15,498.79 ",23
"$70,528.82 ","$17,821.33 ",22
"$57,530.39 ","$14,536.76 ",32
"$95,093.98 ","$24,023.69 ",34
"$48,825.06 ","$12,334.53 ",31
"$92,495.86 ","$23,365.94 ",31
"$61,969.05 ","$15,653.47 ",26
"$98,178.93 ","$24,798.84 ",30
"$90,487.38 ","$22,856.04 ",68
"$97,274.12 ","$24,570.29 ",25
"$90,487.50 ","$22,856.06 ",37
"$89,194.80 ","$22,529.52 ",34
"$55,636.10 ","$14,049.99 ",28
"$46,719.20 ","$11,797.85 ",61
"$85,644.29 ","$21,627.35 ",63
"$73,094.62 ","$18,456.28 ",25
"$84,137.69 ","$21,244.24 ",62
"$55,281.48 ","$13,957.87 ",42
"$65,747.37 ","$16,599.50 ",39
"$76,235.03 ","$19,247.14 ",20
"$75,196.55 ","$18,984.50 ",34
"$46,956.20 ","$11,854.15 ",37
"$72,775.35 ","$18,372.06 ",44
"$60,054.18 ","$15,160.42 ",68
"$62,995.89 ","$15,902.99 ",25
"$68,093.05 ","$17,189.70 ",26
"$72,249.58 ","$18,238.95 ",55
"$54,730.14 ","$13,816.24 ",53
"$65,533.19 ","$16,543.37 ",49
"$68,166.16 ","$17,208.04 ",58
"$81,910.43 ","$20,677.49 ",64
"$44,929.86 ","$11,341.93 ",22
"$67,648.58 ","$17,075.77 ",57
"$55,551.95 ","$14,021.61 ",64
"$67,523.13 ","$17,043.20 ",43
"$90,487.55 ","$22,839.52 ",45
"$49,172.38 ","$12,411.21 ",27
"$83,855.59 ","$21,165.27 ",28
"$61,861.26 ","$15,613.13 ",54
"$70,738.47 ","$17,853.45 ",59
"$79,703.94 ","$20,116.18 ",26
"$61,206.04 ","$15,447.55 ",38
"$64,288.22 ","$16,225.39 ",63
"$60,721.04 ","$15,325.05 ",28
"$101,751.07 ","$25,678.83 ",29
"$83,609.06 ","$21,099.88 ",34
"$46,505.90 ","$11,735.94 ",66
"$70,011.47 ","$17,667.40 ",38
"$52,981.69 ","$13,368.82 ",59
"$46,640.06 ","$11,767.80 ",30
"$61,370.69 ","$15,484.48 ",65
"$81,286.70 ","$20,509.47 ",47
"$74,444.38 ","$18,782.67 ",29
"$90,918.00 ","$22,939.03 ",46
"$89,196.44 ","$22,504.60 ",33
"$83,638.83 ","$21,102.39 ",54
"$83,247.78 ","$21,003.71 ",68
"$67,728.19 ","$17,087.84 ",22
"$65,022.07 ","$16,404.69 ",42
"$42,193.92 ","$10,644.95 ",68
"$59,626.82 ","$15,042.83 ",30
"$65,729.98 ","$16,582.55 ",28
"$61,862.10 ","$15,606.47 ",56
"$88,306.97 ","$22,277.79 ",57
"$51,756.92 ","$13,056.78 ",39
"$49,657.49 ","$12,527.02 ",18
"$57,254.81 ","$14,442.90 ",51
"$58,801.29 ","$14,832.98 ",18
"$44,510.76 ","$11,227.87 ",30
"$87,431.88 ","$22,054.36 ",26
"$49,298.28 ","$12,435.12 ",46
"$87,083.07 ","$21,966.03 ",27
"$75,045.92 ","$18,929.07 ",57
"$65,763.83 ","$16,587.79 ",50
"$62,616.58 ","$15,793.22 ",53
"$67,523.19 ","$17,030.62 ",55
"$67,861.82 ","$17,115.78 ",37
"$46,956.22 ","$11,842.89 ",59
"$82,884.67 ","$20,904.08 ",57
"$59,040.65 ","$14,890.40 ",22
"$85,223.33 ","$21,493.66 ",61
"$60,046.69 ","$15,143.54 ",27
"$92,237.21 ","$23,261.09 ",29
"$53,192.70 ","$13,414.37 ",59
"$44,725.62 ","$11,278.96 ",46
"$44,725.70 ","$11,278.95 ",42
"$85,593.43 ","$21,583.89 ",23
"$85,358.04 ","$21,524.43 ",22
"$90,487.49 ","$22,817.89 ",63
"$78,028.64 ","$19,675.68 ",48
"$93,817.37 ","$23,655.28 ",54
"$50,511.50 ","$12,735.91 ",18
"$67,669.45 ","$17,061.86 ",62
"$44,511.48 ","$11,222.67 ",66
"$83,696.17 ","$21,101.25 ",44
"$61,246.18 ","$15,440.90 ",39
"$59,760.16 ","$15,066.08 ",67
"$70,558.50 ","$17,788.39 ",44
"$80,224.60 ","$20,224.62 ",56
"$73,615.82 ","$18,558.25 ",31
"$80,362.57 ","$20,258.28 ",28
"$75,276.14 ","$18,975.70 ",46
"$67,804.91 ","$17,091.86 ",45
"$87,506.98 ","$22,056.88 ",56
"$78,114.37 ","$19,688.76 ",52
"$75,386.85 ","$19,001.02 ",21
"$68,861.88 ","$17,354.97 ",41
"$86,714.20 ","$21,854.02 ",63
"$47,670.50 ","$12,013.49 ",55
"$63,661.43 ","$16,042.60 ",42
"$60,624.22 ","$15,277.20 ",41
"$93,116.55 ","$23,464.87 ",22
"$59,606.51 ","$15,020.12 ",61
"$65,166.67 ","$16,420.95 ",34
"$67,276.52 ","$16,952.00 ",43
"$94,921.53 ","$23,917.55 ",63
"$66,649.84 ","$16,793.78 ",59
"$75,944.35 ","$19,135.38 ",59
"$44,809.49 ","$11,289.83 ",60
"$88,232.03 ","$22,229.66 ",59
"$58,613.78 ","$14,767.40 ",35
"$77,442.66 ","$19,510.03 ",55
"$60,464.72 ","$15,232.44 ",32
"$59,610.78 ","$15,016.90 ",62
"$48,495.25 ","$12,216.06 ",51
"$69,519.23 ","$17,511.62 ",39
"$72,297.14 ","$18,210.69 ",35
"$78,291.98 ","$19,719.85 ",60
"$73,498.78 ","$18,512.29 ",44
"$70,508.52 ","$17,758.76 ",25
"$88,587.99 ","$22,312.27 ",65
"$44,771.66 ","$11,276.43 ",18
"$44,601.31 ","$11,233.50 ",30
"$103,673.15 ","$26,111.56 ",42
"$48,181.05 ","$12,135.05 ",24
"$48,182.10 ","$12,135.30 ",42
"$74,818.19 ","$18,843.66 ",32
"$64,597.98 ","$16,269.06 ",26
"$42,774.98 ","$10,772.27 ",49
"$55,818.61 ","$14,054.88 ",26
"$75,198.27 ","$18,933.45 ",46
"$58,675.96 ","$14,772.57 ",38
"$60,222.16 ","$15,161.62 ",23
"$81,933.58 ","$20,626.90 ",44
"$60,167.05 ","$15,147.08 ",21
"$72,747.22 ","$18,312.84 ",22
"$54,305.35 ","$13,670.23 ",41
"$76,407.02 ","$19,233.42 ",37
"$55,838.71 ","$14,054.90 ",65
"$69,937.90 ","$17,603.53 ",65
"$149,705.64 ","$37,680.70 ",56
"$59,789.76 ","$15,048.93 ",34
"$48,712.57 ","$12,259.82 ",22
"$56,292.86 ","$14,167.37 ",54
"$55,929.68 ","$14,075.89 ",26
"$75,751.78 ","$19,063.63 ",54
"$85,644.49 ","$21,552.45 ",46
"$54,891.31 ","$13,810.93 ",61
"$81,603.30 ","$20,531.76 ",26
"$61,729.25 ","$15,531.28 ",53
"$87,357.55 ","$21,978.58 ",22
"$61,562.05 ","$15,488.39 ",39
"$73,319.05 ","$18,445.59 ",49
"$44,962.18 ","$11,311.28 ",59
"$53,233.69 ","$13,392.15 ",20
"$96,304.07 ","$24,227.37 ",58
"$76,359.49 ","$19,209.49 ",25
"$60,766.57 ","$15,286.80 ",47
"$76,092.89 ","$19,141.77 ",53
"$62,614.96 ","$15,750.88 ",45
"$69,491.79 ","$17,480.11 ",61
"$70,732.16 ","$17,791.81 ",33
"$65,533.17 ","$16,483.53 ",44
"$57,228.30 ","$14,393.31 ",33
"$56,218.87 ","$14,139.02 ",44
"$72,739.61 ","$18,293.73 ",34
"$59,154.28 ","$14,876.35 ",44
"$45,827.05 ","$11,524.64 ",42
"$55,728.93 ","$14,014.55 ",40
"$64,350.65 ","$16,182.61 ",27
"$74,841.95 ","$18,819.05 ",36
"$61,439.29 ","$15,447.77 ",51
"$85,647.35 ","$21,534.27 ",63
"$53,654.51 ","$13,490.25 ",41
"$81,229.26 ","$20,423.31 ",47
"$49,371.03 ","$12,413.21 ",32
"$41,579.60 ","$10,453.15 ",51
"$84,874.72 ","$21,337.36 ",20
"$72,341.89 ","$18,185.15 ",46
"$66,641.99 ","$16,750.17 ",66
"$45,196.15 ","$11,359.54 ",65
"$75,487.86 ","$18,972.69 ",32
"$66,512.14 ","$16,716.41 ",65
"$86,474.68 ","$21,733.14 ",49
"$100,165.20 ","$25,171.11 ",26
"$93,062.19 ","$23,385.91 ",27
"$66,862.85 ","$16,802.00 ",29
"$82,842.61 ","$20,817.46 ",58
"$54,463.42 ","$13,685.80 ",27
"$80,767.34 ","$20,295.25 ",46
"$57,895.45 ","$14,547.08 ",56
"$73,067.87 ","$18,358.06 ",48
"$60,627.95 ","$15,232.25 ",26
"$83,653.71 ","$21,015.77 ",20
"$67,285.06 ","$16,902.90 ",52
"$67,627.18 ","$16,988.68 ",49
"$71,023.70 ","$17,841.56 ",53
"$71,023.94 ","$17,841.62 ",20
"$101,995.64 ","$25,621.43 ",51
"$59,957.61 ","$15,061.30 ",65
"$48,784.63 ","$12,252.03 ",50
"$86,121.80 ","$21,628.06 ",43
"$74,799.58 ","$18,784.43 ",40
"$51,633.36 ","$12,966.41 ",42
"$57,380.51 ","$14,409.12 ",44
"$80,181.73 ","$20,132.21 ",65
"$51,607.04 ","$12,956.07 ",35
"$69,662.06 ","$17,488.71 ",58
"$44,906.44 ","$11,273.61 ",49
"$67,055.09 ","$16,831.77 ",50
"$71,249.43 ","$17,883.67 ",55
"$71,580.39 ","$17,966.06 ",35
"$87,746.00 ","$22,023.24 ",38
"$55,166.91 ","$13,845.64 ",22
"$88,240.11 ","$22,146.26 ",52
"$78,158.01 ","$19,615.41 ",40
"$80,956.96 ","$20,316.63 ",30
"$54,372.76 ","$13,644.68 ",43
"$74,835.64 ","$18,779.56 ",46
"$70,911.65 ","$17,793.09 ",48
"$85,658.64 ","$21,493.20 ",30
"$60,707.21 ","$15,232.24 ",56
"$60,723.41 ","$15,236.05 ",49
"$69,643.43 ","$17,473.78 ",18
"$78,614.25 ","$19,724.21 ",48
"$40,135.44 ","$10,069.83 ",39
"$75,420.28 ","$18,922.34 ",35
"$70,303.66 ","$17,637.25 ",34
"$67,827.78 ","$17,015.44 ",51
"$60,651.05 ","$15,214.59 ",27
"$73,785.87 ","$18,509.14 ",65
"$58,279.67 ","$14,617.54 ",22
"$55,341.60 ","$13,878.41 ",57
"$73,175.97 ","$18,350.26 ",42
"$57,821.43 ","$14,498.57 ",19
"$57,551.09 ","$14,430.59 ",61
"$64,703.62 ","$16,223.76 ",25
"$56,734.50 ","$14,225.41 ",60
"$56,733.32 ","$14,225.10 ",31
"$110,905.68 ","$27,807.79 ",30
"$73,050.21 ","$18,313.31 ",22
"$46,382.93 ","$11,626.62 ",37
"$82,535.74 ","$20,688.71 ",59
"$54,802.22 ","$13,736.85 ",27
"$85,372.45 ","$21,398.17 ",23
"$64,894.54 ","$16,264.78 ",49
"$58,589.67 ","$14,680.84 ",36
"$87,393.40 ","$21,897.16 ",40
"$59,254.54 ","$14,845.27 ",47
"$55,298.98 ","$13,854.13 ",25
"$61,874.46 ","$15,501.32 ",18
"$62,059.14 ","$15,547.51 ",51
"$49,635.93 ","$12,435.12 ",23
"$155,676.31 ","$38,996.63 ",37
"$100,721.77 ","$25,228.31 ",19
"$89,328.44 ","$22,373.51 ",66
"$77,671.87 ","$19,453.17 ",64
"$66,808.30 ","$16,730.53 ",38
"$76,356.42 ","$19,120.54 ",63
"$118,072.53 ","$29,562.94 ",55
"$61,997.58 ","$15,518.58 ",67
"$55,351.90 ","$13,851.01 ",61
"$68,381.54 ","$17,109.36 ",22
"$76,751.26 ","$19,202.70 ",22
"$74,217.73 ","$18,568.67 ",30
"$78,312.87 ","$19,592.67 ",39
"$56,664.80 ","$14,175.85 ",31
"$78,508.47 ","$19,632.87 ",34
"$61,613.42 ","$15,406.02 ",24
"$54,995.66 ","$13,751.02 ",50
"$49,272.88 ","$12,319.78 ",19
"$42,942.60 ","$10,736.90 ",60
"$74,278.70 ","$18,570.92 ",45
"$48,448.37 ","$12,112.60 ",36
"$88,495.82 ","$22,119.28 ",64
"$71,454.26 ","$17,857.35 ",55
"$62,329.98 ","$15,576.81 ",25
"$75,263.01 ","$18,808.66 ",53
"$59,317.78 ","$14,822.56 ",54
"$72,850.60 ","$18,202.79 ",65
"$67,508.41 ","$16,866.09 ",44
"$78,506.79 ","$19,609.40 ",31
"$109,770.91 ","$27,409.72 ",26
"$67,859.69 ","$16,943.26 ",50
"$79,583.42 ","$19,866.95 ",43
"$54,809.58 ","$13,681.75 ",33
"$56,301.66 ","$14,053.23 ",31
"$78,939.34 ","$19,703.66 ",57
"$41,316.11 ","$10,310.02 ",59
"$57,709.49 ","$14,398.42 ",66
"$77,673.32 ","$19,379.18 ",48
"$95,967.01 ","$23,941.31 ",49
"$53,723.51 ","$13,398.50 ",62
"$52,507.41 ","$13,092.56 ",62
"$103,156.31 ","$25,721.68 ",64
"$48,894.96 ","$12,191.79 ",66
"$86,990.08 ","$21,689.75 ",25
"$100,754.83 ","$25,118.88 ",63
"$54,584.84 ","$13,608.35 ",57
"$56,916.17 ","$14,189.31 ",27
"$83,050.70 ","$20,703.54 ",63
"$70,547.48 ","$17,585.92 ",35
"$60,708.04 ","$15,133.13 ",66
"$84,343.39 ","$21,024.01 ",26
"$79,453.29 ","$19,804.96 ",43
"$48,752.39 ","$12,151.22 ",33
"$90,885.58 ","$22,650.48 ",67
"$58,646.71 ","$14,615.73 ",28
"$87,005.53 ","$21,682.39 ",39
"$93,378.18 ","$23,270.40 ",55
"$54,006.40 ","$13,458.23 ",31
"$57,004.91 ","$14,204.99 ",39
"$88,769.55 ","$22,114.24 ",58
"$43,284.13 ","$10,782.92 ",27
"$53,477.77 ","$13,321.89 ",60
"$80,110.92 ","$19,947.39 ",21
"$43,425.30 ","$10,812.28 ",24
"$114,516.38 ","$28,512.14 ",28
"$86,581.39 ","$21,553.52 ",68
"$67,388.33 ","$16,773.54 ",37
"$60,408.50 ","$15,033.34 ",36
"$59,620.44 ","$14,836.94 ",68
"$87,487.09 ","$21,770.13 ",67
"$58,051.75 ","$14,444.82 ",45
"$52,508.36 ","$13,063.03 ",55
"$76,377.35 ","$19,000.27 ",66
"$91,301.54 ","$22,710.24 ",20
"$75,746.24 ","$18,839.84 ",56
"$66,436.73 ","$16,520.55 ",53
"$68,178.06 ","$16,953.18 ",41
"$79,631.84 ","$19,799.94 ",23
"$67,395.85 ","$16,755.18 ",22
"$70,792.60 ","$17,599.57 ",42
"$55,174.85 ","$13,716.12 ",40
"$55,362.77 ","$13,761.95 ",66
"$69,563.26 ","$17,289.29 ",39
"$78,176.81 ","$19,429.75 ",31
"$57,604.16 ","$14,316.31 ",48
"$43,510.89 ","$10,811.92 ",41
"$77,985.78 ","$19,373.77 ",46
"$76,992.30 ","$19,124.16 ",43
"$49,506.43 ","$12,293.77 ",26
"$63,592.63 ","$15,791.38 ",20
"$90,488.39 ","$22,469.88 ",35
"$44,725.96 ","$11,104.88 ",29
"$89,447.39 ","$22,207.10 ",44
"$49,545.84 ","$12,298.83 ",56
"$93,231.74 ","$23,142.80 ",66
"$46,885.78 ","$11,637.00 ",60
"$78,902.62 ","$19,582.29 ",66
"$65,352.28 ","$16,219.11 ",46
"$53,956.76 ","$13,390.56 ",46
"$60,513.77 ","$15,016.90 ",28
"$54,648.84 ","$13,559.24 ",20
"$79,267.17 ","$19,662.13 ",18
"$49,644.61 ","$12,313.64 ",42
"$72,665.48 ","$18,022.60 ",20
"$61,181.01 ","$15,173.75 ",61
"$54,277.26 ","$13,461.42 ",24
"$72,816.33 ","$18,059.30 ",23
"$72,406.27 ","$17,957.17 ",40
"$51,368.00 ","$12,738.89 ",51
"$75,413.16 ","$18,698.62 ",26
"$108,355.67 ","$26,865.43 ",23
"$59,708.57 ","$14,802.62 ",32
"$58,132.60 ","$14,411.35 ",53
"$86,200.76 ","$21,368.66 ",47
"$48,959.44 ","$12,135.33 ",33
"$70,036.05 ","$17,358.77 ",57
"$48,947.40 ","$12,129.58 ",42
"$43,337.39 ","$10,739.34 ",63
"$59,894.49 ","$14,841.72 ",38
"$70,247.60 ","$17,404.45 ",58
"$53,002.56 ","$13,131.77 ",21
"$83,366.25 ","$20,654.30 ",23
"$66,477.65 ","$16,469.20 ",49
"$65,297.54 ","$16,176.31 ",50
"$65,192.08 ","$16,150.06 ",55
"$57,246.60 ","$14,181.11 ",52
"$79,241.65 ","$19,629.25 ",56
"$94,730.70 ","$23,459.67 ",34
"$59,566.33 ","$14,750.65 ",36
"$73,932.22 ","$18,307.65 ",36
"$74,699.59 ","$18,494.97 ",54
"$46,308.65 ","$11,465.12 ",46
"$92,318.88 ","$22,855.99 ",30
"$90,525.05 ","$22,410.90 ",40
"$76,862.44 ","$19,025.78 ",27
"$45,730.16 ","$11,318.39 ",43
"$79,823.27 ","$19,754.74 ",52
"$56,178.60 ","$13,901.52 ",20
"$82,079.36 ","$20,308.82 ",47
"$57,944.50 ","$14,333.31 ",40
"$121,080.13 ","$29,950.23 ",49
"$59,894.81 ","$14,813.05 ",41
"$59,664.81 ","$14,754.13 ",60
"$66,475.18 ","$16,433.65 ",51
"$70,953.78 ","$17,539.13 ",55
"$78,991.61 ","$19,524.58 ",57
"$46,627.20 ","$11,524.30 ",20
"$56,603.10 ","$13,989.73 ",55
"$116,482.21 ","$28,787.86 ",56
"$70,307.04 ","$17,375.30 ",38
"$72,406.59 ","$17,892.19 ",35
"$57,293.07 ","$14,156.70 ",58
"$83,861.06 ","$20,719.11 ",49
"$76,280.79 ","$18,843.64 ",63
"$61,683.98 ","$15,232.42 ",40
"$81,513.39 ","$20,128.65 ",18
"$54,918.76 ","$13,561.22 ",33
"$52,886.18 ","$13,056.80 ",38
"$58,504.73 ","$14,443.72 ",50
"$71,406.63 ","$17,624.15 ",31
"$61,687.42 ","$15,224.04 ",31
"$41,923.83 ","$10,345.45 ",18
"$78,134.76 ","$19,279.21 ",43
"$87,106.92 ","$21,492.17 ",36
"$70,459.82 ","$17,383.16 ",22
"$105,978.81 ","$26,145.46 ",19
"$90,807.78 ","$22,401.11 ",27
"$101,884.41 ","$25,133.26 ",51
"$56,678.50 ","$13,981.34 ",40
"$85,543.32 ","$21,100.82 ",26
"$98,343.76 ","$24,255.98 ",32
"$46,858.92 ","$11,557.33 ",25
"$73,687.05 ","$18,174.15 ",40
"$73,687.05 ","$18,174.15 ",25
"$73,687.05 ","$18,174.15 ",65
"$132,636.67 ","$32,713.42 ",23
"$65,765.82 ","$16,215.90 ",52
"$64,709.52 ","$15,954.89 ",40
"$68,047.48 ","$16,774.23 ",20
"$66,097.45 ","$16,293.30 ",43
"$80,896.47 ","$19,941.04 ",21
"$79,059.83 ","$19,488.09 ",65
"$67,418.67 ","$16,617.90 ",63
"$79,903.23 ","$19,693.99 ",54
"$76,617.96 ","$18,882.42 ",30
"$80,223.68 ","$19,767.14 ",21
"$72,482.47 ","$17,857.78 ",67
"$71,195.16 ","$17,538.97 ",20
"$99,760.19 ","$24,573.31 ",18
"$51,735.15 ","$12,741.89 ",50
"$57,025.71 ","$14,044.63 ",18
"$75,700.81 ","$18,641.67 ",32
"$88,849.22 ","$21,875.88 ",39
"$85,562.00 ","$21,065.61 ",66
"$43,634.49 ","$10,741.99 ",23
"$65,378.70 ","$16,094.57 ",48
"$79,582.24 ","$19,588.94 ",47
"$57,357.76 ","$14,114.10 ",27
"$62,008.63 ","$15,257.05 ",53
"$71,101.58 ","$17,493.26 ",35
"$73,687.05 ","$18,129.30 ",51
"$102,571.79 ","$25,229.95 ",39
"$62,127.93 ","$15,279.01 ",59
"$65,348.21 ","$16,065.50 ",62
"$65,576.87 ","$16,120.98 ",60
"$52,242.64 ","$12,840.57 ",51
"$67,801.45 ","$16,664.02 ",35
"$76,746.24 ","$18,862.27 ",44
"$72,580.42 ","$17,837.87 ",39
"$65,922.37 ","$16,200.54 ",22
"$149,709.96 ","$36,788.28 ",65
"$89,807.21 ","$22,067.04 ",19
"$91,289.11 ","$22,430.87 ",57
"$108,037.34 ","$26,540.12 ",40
"$74,734.10 ","$18,358.59 ",55
"$81,719.91 ","$20,074.32 ",29
"$47,390.68 ","$11,639.59 ",61
"$77,774.94 ","$19,101.20 ",44
"$53,337.97 ","$13,099.53 ",37
"$72,718.17 ","$17,859.05 ",18
"$60,034.87 ","$14,743.62 ",47
"$46,096.85 ","$11,320.63 ",24
"$69,346.17 ","$17,029.57 ",35
"$68,862.94 ","$16,910.88 ",44
"$54,656.11 ","$13,420.93 ",62
"$57,159.27 ","$14,033.80 ",25
"$71,668.81 ","$17,595.23 ",50
"$78,026.25 ","$19,154.38 ",27
"$88,718.63 ","$21,774.58 ",60
"$93,234.20 ","$22,882.80 ",42
"$89,218.53 ","$21,897.18 ",22
"$100,693.66 ","$24,713.53 ",21
"$85,830.51 ","$21,065.61 ",57
"$71,292.51 ","$17,497.48 ",47
"$109,987.91 ","$26,994.53 ",61
"$121,259.47 ","$29,760.91 ",19
"$90,064.42 ","$22,104.19 ",62
"$98,368.10 ","$24,141.64 ",50
"$47,586.89 ","$11,678.05 ",24
"$49,207.19 ","$12,075.37 ",64
"$73,011.98 ","$17,916.23 ",63
"$47,088.46 ","$11,554.16 ",34
"$92,888.88 ","$22,791.14 ",44
"$66,812.04 ","$16,391.30 ",24
"$103,686.64 ","$25,437.29 ",26
"$74,218.76 ","$18,205.76 ",29
"$76,513.16 ","$18,768.44 ",50
"$60,673.14 ","$14,882.39 ",43
"$72,632.57 ","$17,815.67 ",31
"$78,292.06 ","$19,202.70 ",47
"$121,349.49 ","$29,761.07 ",59
"$48,334.80 ","$11,853.80 ",18
"$69,077.35 ","$16,940.28 ",68
"$60,786.55 ","$14,905.96 ",48
"$90,544.99 ","$22,199.03 ",46
"$79,037.34 ","$19,375.65 ",23
"$92,714.46 ","$22,728.51 ",51
"$88,795.84 ","$21,767.83 ",67
"$64,921.04 ","$15,915.04 ",40
"$67,840.37 ","$16,630.68 ",53
"$98,266.83 ","$24,089.53 ",22
"$93,679.21 ","$22,964.90 ",67
"$91,332.56 ","$22,389.58 ",46
"$87,534.60 ","$21,453.66 ",55
"$72,651.83 ","$17,805.57 ",47
"$98,974.19 ","$24,255.86 ",36
"$77,284.45 ","$18,940.29 ",35
"$84,116.78 ","$20,614.43 ",47
"$100,524.29 ","$24,634.06 ",22
"$70,382.69 ","$17,247.10 ",34
"$58,958.68 ","$14,447.61 ",66
"$49,570.06 ","$12,146.83 ",24
"$73,092.38 ","$17,910.22 ",32
"$80,367.88 ","$19,692.81 ",20
"$76,776.17 ","$18,812.12 ",22
"$91,422.64 ","$22,400.47 ",33
"$98,887.14 ","$24,228.78 ",61
"$98,284.83 ","$24,080.35 ",20
"$66,110.66 ","$16,197.48 ",51
"$62,171.09 ","$15,232.22 ",29
"$77,800.83 ","$19,061.47 ",39
"$57,454.69 ","$14,076.58 ",41
"$71,416.76 ","$17,497.28 ",37
"$56,657.49 ","$13,881.22 ",34
"$53,341.42 ","$13,067.42 ",45
"$72,891.78 ","$17,856.44 ",24
"$80,540.24 ","$19,729.57 ",38
"$55,859.84 ","$13,682.77 ",53
"$72,904.65 ","$17,857.76 ",62
"$96,235.09 ","$23,570.75 ",44
"$76,876.56 ","$18,828.91 ",50
"$71,016.09 ","$17,392.24 ",54
"$83,256.02 ","$20,389.64 ",38
"$65,895.93 ","$16,137.69 ",63
"$59,475.79 ","$14,564.35 ",18
"$64,642.82 ","$15,829.55 ",38
"$87,526.52 ","$21,432.57 ",35
"$97,430.41 ","$23,857.70 ",25
"$54,689.64 ","$13,390.42 ",56
"$67,127.63 ","$16,435.77 ",46
"$76,795.90 ","$18,802.00 ",40
"$60,809.60 ","$14,888.02 ",53
"$102,467.23 ","$25,086.76 ",59
"$77,457.61 ","$18,963.47 ",31
"$82,649.86 ","$20,234.65 ",40
"$74,705.45 ","$18,289.55 ",51
"$64,517.88 ","$15,793.23 ",19
"$69,707.72 ","$17,061.75 ",32
"$86,407.86 ","$21,149.25 ",49
"$46,068.40 ","$11,273.73 ",21
"$65,852.90 ","$16,115.26 ",40
"$92,954.06 ","$22,746.56 ",33
"$88,775.72 ","$21,723.53 ",40
"$68,669.35 ","$16,801.05 ",54
"$107,617.85 ","$26,328.68 ",58
"$80,667.55 ","$19,734.42 ",21
"$73,089.79 ","$17,880.41 ",31
"$77,390.13 ","$18,932.41 ",68
"$80,233.56 ","$19,626.66 ",53
"$66,795.15 ","$16,338.56 ",34
"$92,585.49 ","$22,645.50 ",62
"$119,529.12 ","$29,232.88 ",51
"$94,195.38 ","$23,035.15 ",42
"$70,594.76 ","$17,263.33 ",52
"$73,321.51 ","$17,929.52 ",63
"$88,719.42 ","$21,694.05 ",19
"$100,459.93 ","$24,564.39 ",38
"$57,745.74 ","$14,119.68 ",23
"$62,296.45 ","$15,232.28 ",64
"$73,038.98 ","$17,858.07 ",50
"$73,808.16 ","$18,045.21 ",66
"$68,854.31 ","$16,833.57 ",37
"$78,654.97 ","$19,229.39 ",23
"$68,164.07 ","$16,664.06 ",23
"$93,360.16 ","$22,823.19 ",22
"$66,697.73 ","$16,301.92 ",46
"$73,082.88 ","$17,859.29 ",55
"$86,402.43 ","$21,113.89 ",35
"$94,718.25 ","$23,144.91 ",54
"$68,437.24 ","$16,722.39 ",55
"$74,100.58 ","$18,105.56 ",23
"$59,762.25 ","$14,599.98 ",22
"$68,154.15 ","$16,650.09 ",56
"$73,339.29 ","$17,916.58 ",37
"$52,101.99 ","$12,726.18 ",35
"$48,871.21 ","$11,936.89 ",37
"$64,533.71 ","$15,761.98 ",57
"$100,725.10 ","$24,599.79 ",18
"$55,688.99 ","$13,600.46 ",18
"$66,235.85 ","$16,176.16 ",42
"$86,965.55 ","$21,235.98 ",66
"$55,857.49 ","$13,639.70 ",55
"$81,914.93 ","$20,001.91 ",53
"$68,512.10 ","$16,726.36 ",40
"$92,836.62 ","$22,663.56 ",61
"$74,967.62 ","$18,299.93 ",22
"$95,694.46 ","$23,359.29 ",38
"$72,982.67 ","$17,813.71 ",61
"$61,569.19 ","$15,027.54 ",37
"$85,751.54 ","$20,927.68 ",63
"$70,435.29 ","$17,189.67 ",66
"$50,472.42 ","$12,317.53 ",53
"$76,684.64 ","$18,714.44 ",58
"$58,304.61 ","$14,228.43 ",40
"$57,703.37 ","$14,081.46 ",52
"$83,347.06 ","$20,336.99 ",21
"$67,295.43 ","$16,420.00 ",61
"$73,189.62 ","$17,857.66 ",40
"$60,247.49 ","$14,699.67 ",51
"$68,848.41 ","$16,797.47 ",68
"$72,862.78 ","$17,776.42 ",46
"$68,201.46 ","$16,638.98 ",57
"$69,836.94 ","$17,037.75 ",21
"$85,084.16 ","$20,754.22 ",43
"$82,561.68 ","$20,138.79 ",59
"$70,367.63 ","$17,162.99 ",65
"$57,637.97 ","$14,057.69 ",47
"$52,246.64 ","$12,742.25 ",34
"$45,832.34 ","$11,177.26 ",49
"$50,989.13 ","$12,434.83 ",38
"$77,713.45 ","$18,951.18 ",24
"$78,755.74 ","$19,202.70 ",20
"$102,597.67 ","$25,014.56 ",55
"$62,881.46 ","$15,328.34 ",32
"$129,673.04 ","$31,606.77 ",33
"$81,857.47 ","$19,951.99 ",68
"$46,558.60 ","$11,347.56 ",42
"$70,597.73 ","$17,206.02 ",43
"$59,003.73 ","$14,380.12 ",41
"$86,924.23 ","$21,184.19 ",51
"$75,159.46 ","$18,316.74 ",32
"$61,914.72 ","$15,088.40 ",30
"$77,815.08 ","$18,962.24 ",20
"$66,609.71 ","$16,230.81 ",63
"$59,565.08 ","$14,511.95 ",33
"$50,028.44 ","$12,187.75 ",65
"$53,533.23 ","$13,041.46 ",56
"$62,737.91 ","$15,280.81 ",24
"$67,441.89 ","$16,426.40 ",40
"$82,789.12 ","$20,162.92 ",48
"$48,784.16 ","$11,879.56 ",38
"$103,782.91 ","$25,271.29 ",46
"$101,515.96 ","$24,719.28 ",30
"$43,103.73 ","$10,495.45 ",56
"$96,220.75 ","$23,428.97 ",60
"$55,883.60 ","$13,605.82 ",61
"$96,738.47 ","$23,552.21 ",29
"$87,260.78 ","$21,244.49 ",48
"$68,078.39 ","$16,572.25 ",43
"$105,870.56 ","$25,771.89 ",41
"$109,342.05 ","$26,616.05 ",48
"$60,408.58 ","$14,704.05 ",67
"$92,445.72 ","$22,501.64 ",57
"$85,176.60 ","$20,731.92 ",36
"$61,265.30 ","$14,911.63 ",48
"$90,413.67 ","$22,004.49 ",21
"$56,232.83 ","$13,685.33 ",66
"$82,138.32 ","$19,989.72 ",52
"$114,262.18 ","$27,807.52 ",29
"$77,553.20 ","$18,869.15 ",19
"$101,762.16 ","$24,757.02 ",22
"$68,273.34 ","$16,608.74 ",22
"$46,647.08 ","$11,347.56 ",54
"$72,523.80 ","$17,642.09 ",62
"$83,528.67 ","$20,318.96 ",32
"$85,633.43 ","$20,829.60 ",53
"$73,930.26 ","$17,982.26 ",42
"$94,436.79 ","$22,969.91 ",24
"$80,787.83 ","$19,645.67 ",34
"$77,200.80 ","$18,772.39 ",40
"$98,349.48 ","$23,912.98 ",29
"$104,258.51 ","$25,348.64 ",54
"$68,043.05 ","$16,543.32 ",60
"$73,859.49 ","$17,956.23 ",27
"$73,695.44 ","$17,916.08 ",51
"$80,610.80 ","$19,594.08 ",41
"$95,048.67 ","$23,103.25 ",35
"$75,957.31 ","$18,461.08 ",51
"$80,640.70 ","$19,599.23 ",62
"$107,906.91 ","$26,225.72 ",59
"$104,849.16 ","$25,481.88 ",58
"$72,905.44 ","$17,718.31 ",21
"$67,480.88 ","$16,396.66 ",49
"$73,355.96 ","$17,823.69 ",52
"$55,017.28 ","$13,367.72 ",19
"$44,293.06 ","$10,761.68 ",60
"$81,793.48 ","$19,871.01 ",22
"$91,904.59 ","$22,325.67 ",64
"$96,167.10 ","$23,361.07 ",58
"$85,313.72 ","$20,724.51 ",48
"$81,960.55 ","$19,908.95 ",52
"$96,702.61 ","$23,489.46 ",18
"$67,378.77 ","$16,364.85 ",35
"$64,586.99 ","$15,684.25 ",20
"$62,210.66 ","$15,106.59 ",68
"$68,580.76 ","$16,650.94 ",42
"$54,701.44 ","$13,280.93 ",43
"$64,748.36 ","$15,719.06 ",43
"$143,632.83 ","$34,867.37 ",19
"$45,071.83 ","$10,940.98 ",33
"$75,007.54 ","$18,204.75 ",20
"$53,912.68 ","$13,084.71 ",18
"$70,299.23 ","$17,060.38 ",49
"$93,812.60 ","$22,765.07 ",50
"$68,875.64 ","$16,711.95 ",41
"$51,767.17 ","$12,560.54 ",21
"$82,108.18 ","$19,920.63 ",42
"$75,616.05 ","$18,344.24 ",56
"$76,855.37 ","$18,640.87 ",48
"$107,795.91 ","$26,143.58 ",58
"$94,893.12 ","$23,013.46 ",19
"$98,922.48 ","$23,983.12 ",49
"$66,103.74 ","$16,025.73 ",20
"$74,369.72 ","$18,029.41 ",36
"$73,935.89 ","$17,923.69 ",27
"$91,878.38 ","$22,273.14 ",22
"$46,785.72 ","$11,341.64 ",62
"$95,480.05 ","$23,141.71 ",68
"$76,413.67 ","$18,519.85 ",44
"$106,290.58 ","$25,750.03 ",37
"$59,955.47 ","$14,524.32 ",57
"$75,542.86 ","$18,298.70 ",33
"$60,900.39 ","$14,750.61 ",42
"$52,892.73 ","$12,808.66 ",19
"$45,110.69 ","$10,923.38 ",31
"$57,032.72 ","$13,807.49 ",20
"$84,645.94 ","$20,491.99 ",19
"$104,928.53 ","$25,397.61 ",44
"$54,330.71 ","$13,149.87 ",60
"$75,455.38 ","$18,261.65 ",41
"$60,815.07 ","$14,716.19 ",59
"$80,034.82 ","$19,366.32 ",24
"$61,580.08 ","$14,896.32 ",30
"$78,754.88 ","$19,048.69 ",44
"$118,098.73 ","$28,564.51 ",67
"$153,742.24 ","$37,185.03 ",46
"$72,771.92 ","$17,597.09 ",33
"$66,453.86 ","$16,069.31 ",20
"$65,008.61 ","$15,719.24 ",33
"$75,698.59 ","$18,299.93 ",58
"$74,584.84 ","$18,029.93 ",61
"$94,666.35 ","$22,883.03 ",59
"$71,406.83 ","$17,258.83 ",39
"$104,075.41 ","$25,151.32 ",20
"$65,417.95 ","$15,808.23 ",68
"$64,526.48 ","$15,591.85 ",66
"$63,946.62 ","$15,451.68 ",33
"$66,241.51 ","$16,006.02 ",39
"$55,825.00 ","$13,485.75 ",46
"$114,348.83 ","$27,623.03 ",38
"$114,078.55 ","$27,556.43 ",41
"$67,838.22 ","$16,386.14 ",43
"$71,750.98 ","$17,331.14 ",38
"$77,878.32 ","$18,808.48 ",36
"$97,917.88 ","$23,643.11 ",46
"$95,154.73 ","$22,974.28 ",50
"$101,415.26 ","$24,484.65 ",56
"$84,558.16 ","$20,414.25 ",38
"$111,112.20 ","$26,824.77 ",59
"$111,112.21 ","$26,824.77 ",34
"$64,462.33 ","$15,560.41 ",42
"$120,995.10 ","$29,204.71 ",35
"$94,040.64 ","$22,697.98 ",47
"$49,538.32 ","$11,955.47 ",68
"$113,426.99 ","$27,372.96 ",34
"$78,425.89 ","$18,923.70 ",45
"$79,798.80 ","$19,252.15 ",52
"$80,828.34 ","$19,496.56 ",63
"$65,438.19 ","$15,783.99 ",56
"$67,591.61 ","$16,302.23 ",39
"$76,998.53 ","$18,567.23 ",57
"$77,016.29 ","$18,569.40 ",22
"$62,645.75 ","$15,100.67 ",50
"$95,474.22 ","$23,000.03 ",59
"$53,482.10 ","$12,883.92 ",66
"$63,925.39 ","$15,399.17 ",41
"$59,626.87 ","$14,363.49 ",52
"$77,225.44 ","$18,600.04 ",35
"$81,995.22 ","$19,747.09 ",41
"$68,468.56 ","$16,489.28 ",64
"$124,161.60 ","$29,900.40 ",31
"$88,334.74 ","$21,272.42 ",41
"$82,564.17 ","$19,881.15 ",22
"$61,534.17 ","$14,815.39 ",28
"$90,689.60 ","$21,828.92 ",32
"$66,695.81 ","$16,051.82 ",37
"$58,978.48 ","$14,194.13 ",32
"$75,401.10 ","$18,144.69 ",25
"$45,743.01 ","$11,007.69 ",25
"$96,797.53 ","$23,292.58 ",25
"$90,914.60 ","$21,875.90 ",49
"$92,092.52 ","$22,152.58 ",62
"$77,284.76 ","$18,588.52 ",49
"$82,766.77 ","$19,906.00 ",32
"$94,349.61 ","$22,690.54 ",37
"$60,027.70 ","$14,435.75 ",23
"$83,595.57 ","$20,100.22 ",33
"$50,572.09 ","$12,158.38 ",65
"$79,565.59 ","$19,125.05 ",68
"$52,504.20 ","$12,619.80 ",40
"$53,613.97 ","$12,884.95 ",48
"$107,931.16 ","$25,937.13 ",36
"$82,766.93 ","$19,888.50 ",42
"$72,532.73 ","$17,427.25 ",30
"$88,043.36 ","$21,152.68 ",20
"$81,969.43 ","$19,689.44 ",34
"$48,673.63 ","$11,690.71 ",51
"$50,460.03 ","$12,117.79 ",39
"$90,680.08 ","$21,776.45 ",50
"$68,073.89 ","$16,347.12 ",65
"$89,523.75 ","$21,496.28 ",45
"$92,920.49 ","$22,310.11 ",37
"$51,211.68 ","$12,288.67 ",26
"$79,891.52 ","$19,168.88 ",67
"$60,642.22 ","$14,548.94 ",58
"$77,764.91 ","$18,655.97 ",23
"$63,594.04 ","$15,254.30 ",64
"$78,790.10 ","$18,899.11 ",18
"$62,527.00 ","$14,997.57 ",42
"$54,535.09 ","$13,079.33 ",26
"$80,298.36 ","$19,254.80 ",49
"$57,206.30 ","$13,717.38 ",67
"$69,244.01 ","$16,603.60 ",41
"$69,631.86 ","$16,694.90 ",29
"$51,869.75 ","$12,435.13 ",59
"$67,309.50 ","$16,135.64 ",52
"$59,808.41 ","$14,337.14 ",25
"$80,403.50 ","$19,269.12 ",32
"$61,584.75 ","$14,752.00 ",35
"$88,661.04 ","$21,237.61 ",40
"$76,430.22 ","$18,306.96 ",56
"$75,287.28 ","$18,026.81 ",34
"$123,136.87 ","$29,483.28 ",19
"$95,915.98 ","$22,962.38 ",29
"$70,359.63 ","$16,843.07 ",63
"$69,218.52 ","$16,569.30 ",49
"$108,359.72 ","$25,938.30 ",41
"$94,455.32 ","$22,607.40 ",60
"$69,486.09 ","$16,630.68 ",46
"$77,293.86 ","$18,490.69 ",53
"$95,703.21 ","$22,893.62 ",36
"$86,838.68 ","$20,772.62 ",60
"$99,124.51 ","$23,707.75 ",24
"$91,588.63 ","$21,904.47 ",30
"$80,345.23 ","$19,215.28 ",43
"$88,327.01 ","$21,123.23 ",55
"$88,610.68 ","$21,189.65 ",29
"$58,323.43 ","$13,946.39 ",39
"$81,894.92 ","$19,580.16 ",56
"$91,603.07 ","$21,900.61 ",58
"$77,722.69 ","$18,581.84 ",52
"$76,106.15 ","$18,195.27 ",22
"$75,997.49 ","$18,168.42 ",47
"$79,161.58 ","$18,923.78 ",59
"$58,792.69 ","$14,053.36 ",29
"$74,719.98 ","$17,855.28 ",20
"$73,170.03 ","$17,483.41 ",46
"$69,350.45 ","$16,569.87 ",44
"$89,207.96 ","$21,308.01 ",18
"$73,540.86 ","$17,564.24 ",22
"$85,620.21 ","$20,440.81 ",18
"$93,511.03 ","$22,324.46 ",19
"$49,557.32 ","$11,830.75 ",33
"$80,859.73 ","$19,302.11 ",68
"$66,284.94 ","$15,821.19 ",23
"$96,822.51 ","$23,108.26 ",45
"$64,360.48 ","$15,355.97 ",43
"$86,728.69 ","$20,691.40 ",27
"$87,083.13 ","$20,772.69 ",68
"$72,488.19 ","$17,289.95 ",61
"$59,653.62 ","$14,226.67 ",23
"$73,556.21 ","$17,542.19 ",34
"$93,942.23 ","$22,402.67 ",27
"$73,543.69 ","$17,536.92 ",55
"$99,498.44 ","$23,725.83 ",43
"$64,552.00 ","$15,389.24 ",36
"$99,953.92 ","$23,827.58 ",57
"$106,515.38 ","$25,388.96 ",31
"$50,381.17 ","$12,004.03 ",27
"$102,215.67 ","$24,346.91 ",24
"$86,837.18 ","$20,678.08 ",57
"$92,898.31 ","$22,120.20 ",24
"$105,033.41 ","$25,004.98 ",58
"$61,191.43 ","$14,567.32 ",30
"$60,057.00 ","$14,294.80 ",31
"$66,390.60 ","$15,802.23 ",62
"$79,200.09 ","$18,848.37 ",41
"$73,806.85 ","$17,564.26 ",20
"$68,932.02 ","$16,400.90 ",25
"$114,836.61 ","$27,319.30 ",61
"$95,018.91 ","$22,601.20 ",19
"$105,385.28 ","$25,066.31 ",66
"$86,459.84 ","$20,562.40 ",30
"$118,819.22 ","$28,257.81 ",34
"$68,595.83 ","$16,311.40 ",53
"$72,709.14 ","$17,289.19 ",50
"$70,471.03 ","$16,752.23 ",26
"$94,145.66 ","$22,379.17 ",34
"$85,159.91 ","$20,234.27 ",36
"$67,714.00 ","$16,086.07 ",66
"$64,591.76 ","$15,340.31 ",47
"$126,257.03 ","$29,983.38 ",29
"$75,116.59 ","$17,837.91 ",41
"$69,284.73 ","$16,451.50 ",30
"$62,429.03 ","$14,822.48 ",63
"$103,690.01 ","$24,618.10 ",29
"$42,800.29 ","$10,160.04 ",47
"$93,963.58 ","$22,302.25 ",62
"$77,024.52 ","$18,275.88 ",48
"$91,503.53 ","$21,711.18 ",47
"$96,718.36 ","$22,946.95 ",33
"$52,854.95 ","$12,538.68 ",59
"$80,418.70 ","$19,077.28 ",39
"$80,960.30 ","$19,202.71 ",41
"$96,052.14 ","$22,778.97 ",29
"$96,569.59 ","$22,897.98 ",52
"$88,928.87 ","$21,086.05 ",51
"$76,945.11 ","$18,242.86 ",20
"$96,667.80 ","$22,914.82 ",37
"$65,156.85 ","$15,444.59 ",68
"$98,976.03 ","$23,458.21 ",39
"$76,375.57 ","$18,097.44 ",53
"$82,823.90 ","$19,621.02 ",67
"$78,793.29 ","$18,660.78 ",65
"$115,342.24 ","$27,307.69 ",26
"$101,836.21 ","$24,095.30 ",53
"$87,555.10 ","$20,716.11 ",63
"$101,052.85 ","$23,904.35 ",52
"$67,730.48 ","$16,020.34 ",44
"$77,041.43 ","$18,222.04 ",65
"$79,319.65 ","$18,757.28 ",32
"$98,188.48 ","$23,216.86 ",20
"$89,211.41 ","$21,093.24 ",61
"$83,476.21 ","$19,728.18 ",19
"$77,352.56 ","$18,279.60 ",33
"$61,665.54 ","$14,570.10 ",49
"$70,972.02 ","$16,757.19 ",62
"$80,739.52 ","$19,050.75 ",43
"$73,827.72 ","$17,418.35 ",52
"$63,631.03 ","$15,004.82 ",20
"$95,237.76 ","$22,455.24 ",48
"$93,695.85 ","$22,082.97 ",66
"$77,276.84 ","$18,207.68 ",45
"$86,177.86 ","$20,302.01 ",21
"$71,070.01 ","$16,736.08 ",62
"$63,808.41 ","$15,023.30 ",55
"$70,276.25 ","$16,544.93 ",61
"$99,324.55 ","$23,373.27 ",25
"$88,875.32 ","$20,907.18 ",37
"$95,940.17 ","$22,566.34 ",40
"$98,936.64 ","$23,268.45 ",29
"$77,936.25 ","$18,328.74 ",40
"$75,907.83 ","$17,851.56 ",52
"$102,729.51 ","$24,156.27 ",52
"$102,863.71 ","$24,181.80 ",18
"$83,994.91 ","$19,737.55 ",63
"$48,371.43 ","$11,357.82 ",53
"$111,025.45 ","$26,061.67 ",26
"$83,330.39 ","$19,552.12 ",63
"$107,127.94 ","$25,132.71 ",49
"$50,521.58 ","$11,845.71 ",45
"$74,865.39 ","$17,549.34 ",67
"$94,987.52 ","$22,252.80 ",39
"$96,262.67 ","$22,551.53 ",66
"$46,934.74 ","$10,992.23 ",36
"$83,333.14 ","$19,515.76 ",51
"$109,547.15 ","$25,647.76 ",55
"$95,230.35 ","$22,295.57 ",42
"$52,863.66 ","$12,367.42 ",35
"$67,117.71 ","$15,701.18 ",48
"$53,485.73 ","$12,510.45 ",29
"$112,946.45 ","$26,418.28 ",56
"$69,428.71 ","$16,234.50 ",32
"$86,012.17 ","$20,111.81 ",39
"$78,219.06 ","$18,289.56 ",49
"$88,948.74 ","$20,796.70 ",53
"$82,488.91 ","$19,283.16 ",37
"$117,918.97 ","$27,556.34 ",31
"$58,650.40 ","$13,701.56 ",37
"$84,506.34 ","$19,714.43 ",59
"$95,389.44 ","$22,250.09 ",46
"$89,435.77 ","$20,849.06 ",67
"$111,193.49 ","$25,914.85 ",47
"$109,051.88 ","$25,411.66 ",64
"$62,442.62 ","$14,549.82 ",45
"$85,043.15 ","$19,813.13 ",63
"$60,686.26 ","$14,137.32 ",44
"$62,767.12 ","$14,620.01 ",50
"$52,613.29 ","$12,249.30 ",30
"$98,161.66 ","$22,850.61 ",19
"$109,386.54 ","$25,453.08 ",41
"$81,652.99 ","$18,998.42 ",19
"$58,486.28 ","$13,605.78 ",21
"$89,331.37 ","$20,775.60 ",44
"$61,048.35 ","$14,194.14 ",39
"$50,532.84 ","$11,741.53 ",28
"$93,151.27 ","$21,598.01 ",55
"$78,444.64 ","$18,185.41 ",22
"$62,981.79 ","$14,599.50 ",37
"$82,731.62 ","$19,175.68 ",62
"$82,028.46 ","$19,010.47 ",43
"$54,368.54 ","$12,594.05 ",53
"$89,275.90 ","$20,675.51 ",60
"$56,051.99 ","$12,978.90 ",28
"$68,747.43 ","$15,900.72 ",56
"$59,150.07 ","$13,678.89 ",22
"$71,592.63 ","$16,545.96 ",52
"$106,261.21 ","$24,538.95 ",67
"$74,134.06 ","$17,117.57 ",51
"$72,185.22 ","$16,664.14 ",42
"$110,010.01 ","$25,385.80 ",62
"$76,918.11 ","$17,746.53 ",27
"$80,662.04 ","$18,608.87 ",37
"$53,935.35 ","$12,436.91 ",22
"$49,213.00 ","$11,347.56 ",31
"$81,272.23 ","$18,737.91 ",32
"$73,909.66 ","$17,026.08 ",28
"$71,224.80 ","$16,405.74 ",68
"$78,214.55 ","$18,003.58 ",44
"$61,015.12 ","$14,035.80 ",25
"$99,159.14 ","$22,792.96 ",46
"$43,944.30 ","$10,096.02 ",36
"$80,901.80 ","$18,586.80 ",62
"$88,853.77 ","$20,413.72 ",31
"$70,532.05 ","$16,202.09 ",48
"$46,852.10 ","$10,762.02 ",52
"$100,838.00 ","$23,161.49 ",48
"$129,675.61 ","$29,767.05 ",55
"$72,931.55 ","$16,740.58 ",54
"$80,583.21 ","$18,496.08 ",56
"$85,711.88 ","$19,668.72 ",59
"$55,849.66 ","$12,815.77 ",29
"$129,404.46 ","$29,685.91 ",42
"$64,279.39 ","$14,745.36 ",38
"$67,778.32 ","$15,546.60 ",44
"$55,960.39 ","$12,824.63 ",63
"$96,003.15 ","$21,982.95 ",31
"$67,263.12 ","$15,401.79 ",25
"$104,190.35 ","$23,855.82 ",52
"$62,195.74 ","$14,235.28 ",30
"$55,632.70 ","$12,727.62 ",53
"$115,765.28 ","$26,484.53 ",40
"$91,962.41 ","$21,037.99 ",20
"$88,228.45 ","$20,167.54 ",25
"$51,038.46 ","$11,652.28 ",43
"$145,030.81 ","$33,109.02 ",54
"$47,957.83 ","$10,946.98 ",23
"$74,318.62 ","$16,962.22 ",30
"$99,799.54 ","$22,775.32 ",52
"$80,978.89 ","$18,468.51 ",41
"$103,704.97 ","$23,638.56 ",30
"$83,090.02 ","$18,937.73 ",66
"$64,053.45 ","$14,589.62 ",68
"$97,279.40 ","$22,137.93 ",63
"$44,738.91 ","$10,177.00 ",35
"$63,476.21 ","$14,429.74 ",34
"$65,993.11 ","$14,997.57 ",57
"$66,103.27 ","$14,997.57 ",18
"$56,629.18 ","$12,844.96 ",54
"$105,389.64 ","$23,890.72 ",60
"$83,781.90 ","$18,988.84 ",58
"$95,189.89 ","$21,569.57 ",46
"$64,025.58 ","$14,504.94 ",53
"$84,626.91 ","$19,170.68 ",33
"$93,463.89 ","$21,162.12 ",61
"$64,840.06 ","$14,680.89 ",67
"$46,530.00 ","$10,535.05 ",58
"$99,247.88 ","$22,464.35 ",68
"$132,540.03 ","$29,983.29 ",19
"$103,115.22 ","$23,317.76 ",23
"$91,728.55 ","$20,728.18 ",19
"$74,178.16 ","$16,758.86 ",58
"$69,330.01 ","$15,663.40 ",61
"$85,568.09 ","$19,330.62 ",60
"$155,379.95 ","$35,095.60 ",58
"$155,379.95 ","$35,095.60 ",41
"$155,379.95 ","$35,095.60 ",18
"$155,379.95 ","$35,095.60 ",63
"$155,379.95 ","$35,095.60 ",35
"$155,379.95 ","$35,095.60 ",24
"$105,120.22 ","$23,741.52 ",41
"$137,991.07 ","$31,162.02 ",68
"$112,910.84 ","$25,477.09 ",49
"$98,802.07 ","$22,280.28 ",53
"$100,646.17 ","$22,695.71 ",50
"$74,566.10 ","$16,790.78 ",35
"$82,474.52 ","$18,566.77 ",40
"$53,523.61 ","$12,037.08 ",62
"$84,607.22 ","$19,025.39 ",28
"$61,374.88 ","$13,795.69 ",33
"$80,848.71 ","$18,162.48 ",45
"$108,503.44 ","$24,369.64 ",37
"$66,942.02 ","$15,026.85 ",61
"$57,280.54 ","$12,848.54 ",55
"$51,751.46 ","$11,605.03 ",42
"$82,535.65 ","$18,483.33 ",58
"$53,961.22 ","$12,078.12 ",63
"$85,395.38 ","$19,109.95 ",24
"$93,635.96 ","$20,932.29 ",35
"$85,096.70 ","$19,021.87 ",46
"$63,224.12 ","$14,132.62 ",47
"$69,690.02 ","$15,567.97 ",24
"$81,583.84 ","$18,206.55 ",49
"$118,957.59 ","$26,536.86 ",53
"$107,010.00 ","$23,856.17 ",65
"$51,036.03 ","$11,361.19 ",29
"$80,227.48 ","$17,855.41 ",33
"$63,995.18 ","$14,241.70 ",18
"$97,014.90 ","$21,585.50 ",57
"$98,121.03 ","$21,816.88 ",54
"$90,913.00 ","$20,212.71 ",22
"$65,038.32 ","$14,455.80 ",30
"$137,446.95 ","$30,541.21 ",41
"$94,739.74 ","$21,049.25 ",41
"$54,223.73 ","$12,047.24 ",18
"$96,760.32 ","$21,496.01 ",44
"$120,783.95 ","$26,823.49 ",68
"$78,615.87 ","$17,457.94 ",43
"$46,651.55 ","$10,356.74 ",58
"$92,386.81 ","$20,477.23 ",25
"$55,010.74 ","$12,186.55 ",68
"$57,718.71 ","$12,767.81 ",20
"$104,367.18 ","$23,056.12 ",38
"$86,267.21 ","$19,045.18 ",65
"$67,140.04 ","$14,819.06 ",48
"$103,240.07 ","$22,786.16 ",63
"$55,968.46 ","$12,352.24 ",48
"$85,806.82 ","$18,911.33 ",48
"$119,967.77 ","$26,438.09 ",29
"$103,710.34 ","$22,849.01 ",30
"$66,024.78 ","$14,545.57 ",60
"$124,233.84 ","$27,361.94 ",39
"$112,306.24 ","$24,714.99 ",61
"$67,401.88 ","$14,827.75 ",22
"$75,265.93 ","$16,492.93 ",34
"$76,188.69 ","$16,673.78 ",67
"$88,675.73 ","$19,403.90 ",33
"$96,154.26 ","$21,037.76 ",34
"$107,639.49 ","$23,538.51 ",61
"$95,618.74 ","$20,884.53 ",54
"$97,454.20 ","$21,266.35 ",34
"$117,799.45 ","$25,698.79 ",65
"$83,315.35 ","$18,171.14 ",35
"$136,472.48 ","$29,687.77 ",20
"$100,433.83 ","$21,834.07 ",65
"$115,578.99 ","$25,092.48 ",38
"$70,365.51 ","$15,275.31 ",63
"$71,820.67 ","$15,582.23 ",42
"$59,505.27 ","$12,909.20 ",59
"$64,510.43 ","$13,993.04 ",61
"$89,654.96 ","$19,433.84 ",55
"$96,618.77 ","$20,936.98 ",66
"$119,487.01 ","$25,877.13 ",33
"$48,145.82 ","$10,424.81 ",68
"$120,074.67 ","$25,990.40 ",53
"$123,385.21 ","$26,705.05 ",63
"$102,407.10 ","$22,120.60 ",33
"$46,472.46 ","$10,029.91 ",57
"$72,062.56 ","$15,546.75 ",52
"$61,887.60 ","$13,328.82 ",36
"$82,738.47 ","$17,815.04 ",20
"$130,405.01 ","$28,059.04 ",36
"$98,994.15 ","$21,296.42 ",35
"$90,268.86 ","$19,410.77 ",62
"$105,098.43 ","$22,598.30 ",29
"$58,051.51 ","$12,470.87 ",18
"$52,625.05 ","$11,300.57 ",62
"$110,653.50 ","$23,748.41 ",43
"$94,135.27 ","$20,197.26 ",44
"$128,074.45 ","$27,440.90 ",30
"$109,515.93 ","$23,396.66 ",29
"$119,770.60 ","$25,578.49 ",31
"$73,563.32 ","$15,708.06 ",55
"$67,626.43 ","$14,439.87 ",26
"$76,184.92 ","$16,261.34 ",63
"$102,737.48 ","$21,927.89 ",27
"$97,804.30 ","$20,865.77 ",21
"$88,139.07 ","$18,803.28 ",28
"$115,201.61 ","$24,564.50 ",62
"$140,600.66 ","$29,977.80 ",26
"$73,898.65 ","$15,732.48 ",43
"$53,542.89 ","$11,396.46 ",38
"$47,753.49 ","$10,159.31 ",54
"$79,752.99 ","$16,921.05 ",27
"$83,668.49 ","$17,737.61 ",27
"$133,383.91 ","$28,166.89 ",18
"$101,728.20 ","$21,481.17 ",19
"$64,543.79 ","$13,609.38 ",21
"$100,156.10 ","$21,116.83 ",27
"$82,336.98 ","$17,344.43 ",63
"$64,958.92 ","$13,668.42 ",22
"$131,228.41 ","$27,596.29 ",59
"$97,647.26 ","$20,532.14 ",18
"$73,273.20 ","$15,398.52 ",48
"$83,286.71 ","$17,474.19 ",49
"$110,282.07 ","$23,108.50 ",31
"$82,875.71 ","$17,352.91 ",56
"$120,856.25 ","$25,292.23 ",47
"$120,965.90 ","$25,289.25 ",30
"$117,682.55 ","$24,568.74 ",36
"$63,892.49 ","$13,328.82 ",41
"$87,426.93 ","$18,229.68 ",22
"$71,969.06 ","$14,993.52 ",23
"$92,803.53 ","$19,291.88 ",53
"$110,130.84 ","$22,893.41 ",62
"$56,306.96 ","$11,684.64 ",22
"$144,526.62 ","$29,978.16 ",65
"$102,091.92 ","$21,170.27 ",68
"$81,515.75 ","$16,901.43 ",33
"$56,920.10 ","$11,789.96 ",27
"$104,306.97 ","$21,595.99 ",39
"$112,026.19 ","$23,136.28 ",21
"$83,237.41 ","$17,189.13 ",24
"$107,501.03 ","$22,182.21 ",36
"$50,681.67 ","$10,438.13 ",55
"$145,894.43 ","$29,982.93 ",39
"$100,749.08 ","$20,701.68 ",44
"$80,903.56 ","$16,622.79 ",39
"$73,144.64 ","$15,023.07 ",67
"$132,207.47 ","$27,129.98 ",19
"$119,299.56 ","$24,449.12 ",32
"$87,654.18 ","$17,938.50 ",41
"$111,415.60 ","$22,786.06 ",61
"$49,421.75 ","$10,072.44 ",34
"$120,120.41 ","$24,475.00 ",25
"$73,323.57 ","$14,925.92 ",47
"$136,843.23 ","$27,842.05 ",23
"$97,948.97 ","$19,920.61 ",45
"$87,807.01 ","$17,854.90 ",47
"$132,438.05 ","$26,922.51 ",22
"$82,232.63 ","$16,716.39 ",26
"$104,710.34 ","$21,247.82 ",38
"$120,016.25 ","$24,272.17 ",25
"$134,760.62 ","$27,235.00 ",38
"$95,706.78 ","$19,314.91 ",45
"$144,430.63 ","$29,134.32 ",33
"$67,457.92 ","$13,605.85 ",21
"$115,059.22 ","$23,108.91 ",66
"$87,791.19 ","$17,602.54 ",53
